{"timestamp": "2025-10-20 11:34:07", "var0": 3.141592653589793, "var1": 3.141592653589793, "var2": 3.141592653589793, "var3": 3.141592653589793, "var4": 3.141592653589793, "var5": 3.141592653589793}
